url_path,views_total,views_unique
/dmorse/pscfpp,73,34
/dmorse/pscfpp/tree/master/examples,25,7
/dmorse/pscfpp/blob/f9f948479f96706379cd66ac89d5253d2428cb65/src/pspc/field/FieldIo.tpp,23,1
/dmorse/pscfpp/tree/master/examples/pc,17,4
/dmorse/pscfpp/tree/master/src,16,6
/dmorse/pscfpp/tree/master/examples/pc/diblock,16,4
/dmorse/pscfpp/tree/master/src/pspc,14,2
/dmorse/pscfpp/tree/master/bld,13,4
/dmorse/pscfpp/tree/master/examples/fd,13,4
/dmorse/pscfpp/tree/master/examples/pc/diblock/c15_1,13,1
